nsfw_threshold,nsfl_threshold,interval_recall,tolerant_interval_recall,missed_intervals,candidate_samples,candidate_sample_rate,frame_candidate_precision,estimated_vlm_windows,estimated_vlm_seconds,estimated_vlm_movie_fraction
0.01,0.01,1.0,1.0,0,13242,1.0,0.10527110708352212,1,6266.50525,0.9997019828110484
0.01,0.02,1.0,1.0,0,13242,1.0,0.10527110708352212,1,6266.50525,0.9997019828110484
0.01,0.05,1.0,1.0,0,13242,1.0,0.10527110708352212,1,6266.50525,0.9997019828110484
0.01,0.1,1.0,1.0,0,13242,1.0,0.10527110708352212,1,6266.50525,0.9997019828110484
0.01,0.15,1.0,1.0,0,13242,1.0,0.10527110708352212,1,6266.50525,0.9997019828110484
0.01,0.2,1.0,1.0,0,13242,1.0,0.10527110708352212,1,6266.50525,0.9997019828110484
0.01,0.3,1.0,1.0,0,13242,1.0,0.10527110708352212,1,6266.50525,0.9997019828110484
0.01,0.4,1.0,1.0,0,13242,1.0,0.10527110708352212,1,6266.50525,0.9997019828110484
0.01,0.5,1.0,1.0,0,13242,1.0,0.10527110708352212,1,6266.50525,0.9997019828110484
0.02,0.01,1.0,1.0,0,13242,1.0,0.10527110708352212,1,6266.50525,0.9997019828110484
0.02,0.02,1.0,1.0,0,13242,1.0,0.10527110708352212,1,6266.50525,0.9997019828110484
0.02,0.05,1.0,1.0,0,13242,1.0,0.10527110708352212,1,6266.50525,0.9997019828110484
0.02,0.1,1.0,1.0,0,13242,1.0,0.10527110708352212,1,6266.50525,0.9997019828110484
0.02,0.15,1.0,1.0,0,13242,1.0,0.10527110708352212,1,6266.50525,0.9997019828110484
0.02,0.2,1.0,1.0,0,13242,1.0,0.10527110708352212,1,6266.50525,0.9997019828110484
0.02,0.3,1.0,1.0,0,13242,1.0,0.10527110708352212,1,6266.50525,0.9997019828110484
0.02,0.4,1.0,1.0,0,13242,1.0,0.10527110708352212,1,6266.50525,0.9997019828110484
0.02,0.5,1.0,1.0,0,13242,1.0,0.10527110708352212,1,6266.50525,0.9997019828110484
0.05,0.01,1.0,1.0,0,13242,1.0,0.10527110708352212,1,6266.50525,0.9997019828110484
0.05,0.02,1.0,1.0,0,13241,0.9999244827065398,0.10527905747300052,1,6266.50525,0.9997019828110484
0.05,0.05,1.0,1.0,0,5741,0.4335447817550219,0.09824072461243685,72,5459.281203,0.8709247061369949
0.05,0.1,1.0,1.0,0,5688,0.4295423652016312,0.09757383966244726,74,5432.192494,0.8666032167232436
0.05,0.15,1.0,1.0,0,5685,0.4293158133212506,0.09762532981530343,74,5425.185494,0.8654853828566628
0.05,0.2,1.0,1.0,0,5685,0.4293158133212506,0.09762532981530343,74,5425.185494,0.8654853828566628
0.05,0.3,1.0,1.0,0,5683,0.4291647787343302,0.09730775998592293,74,5425.185494,0.8654853828566628
0.05,0.4,1.0,1.0,0,5683,0.4291647787343302,0.09730775998592293,74,5425.185494,0.8654853828566628
0.05,0.5,1.0,1.0,0,5683,0.4291647787343302,0.09730775998592293,74,5425.185494,0.8654853828566628
0.1,0.01,1.0,1.0,0,13242,1.0,0.10527110708352212,1,6266.50525,0.9997019828110484
0.1,0.02,1.0,1.0,0,13241,0.9999244827065398,0.10527905747300052,1,6266.50525,0.9997019828110484
0.1,0.05,0.875,0.875,2,2918,0.22035946231687056,0.11069225496915695,97,4160.520667,0.6637321113432795
0.1,0.1,0.875,0.875,2,2832,0.21386497507929317,0.10911016949152542,97,4054.164417,0.6467649901541052
0.1,0.15,0.875,0.875,2,2827,0.21348738861199215,0.10894941634241245,96,4037.157417,0.6440518460740506
0.1,0.2,0.875,0.875,2,2824,0.21326083673161153,0.10871104815864023,96,4037.157417,0.6440518460740506
0.1,0.3,0.875,0.875,2,2821,0.21303428485123094,0.10811768876285005,96,4037.157417,0.6440518460740506
0.1,0.4,0.875,0.875,2,2821,0.21303428485123094,0.10811768876285005,96,4037.157417,0.6440518460740506
0.1,0.5,0.875,0.875,2,2821,0.21303428485123094,0.10811768876285005,96,4037.157417,0.6440518460740506
0.15,0.01,1.0,1.0,0,13242,1.0,0.10527110708352212,1,6266.50525,0.9997019828110484
0.15,0.02,1.0,1.0,0,13241,0.9999244827065398,0.10527905747300052,1,6266.50525,0.9997019828110484
0.15,0.05,0.875,0.875,2,2044,0.15435734783265367,0.12622309197651663,115,3615.129334,0.5767252749557953
0.15,0.1,0.875,0.875,2,1934,0.14605044555203142,0.12409513960703206,111,3435.57325,0.5480805094861442
0.15,0.15,0.875,0.875,2,1927,0.14552182449781,0.12350804359107422,109,3409.56725,0.5439317457449849
0.15,0.2,0.875,0.875,2,1923,0.1452197553239692,0.12272490899635985,109,3409.56725,0.5439317457449849
0.15,0.3,0.875,0.875,2,1919,0.14491768615012837,0.12193850964043773,109,3405.06275,0.5432131382593258
0.15,0.4,0.875,0.875,2,1918,0.14484216885666817,0.12200208550573514,109,3405.06275,0.5432131382593258
0.15,0.5,0.875,0.875,2,1918,0.14484216885666817,0.12200208550573514,109,3405.06275,0.5432131382593258
0.2,0.01,1.0,1.0,0,13242,1.0,0.10527110708352212,1,6266.50525,0.9997019828110484
0.2,0.02,1.0,1.0,0,13241,0.9999244827065398,0.10527905747300052,1,6266.50525,0.9997019828110484
0.2,0.05,0.875,0.875,2,1561,0.11788249509137592,0.14221652786675207,114,3226.375961,0.5147070523088769
0.2,0.1,0.875,0.875,2,1427,0.1077631777677088,0.13875262789067974,111,2987.625752,0.47661898762021293
0.2,0.15,0.875,0.875,2,1419,0.10715903942002719,0.13812544045102185,109,2959.617752,0.4721508427743163
0.2,0.2,0.875,0.875,2,1415,0.10685697024618637,0.1371024734982332,109,2955.613752,0.4715120805648415
0.2,0.3,0.875,0.875,2,1411,0.10655490107234557,0.13607370659107015,108,2945.613752,0.469916770351368
0.2,0.4,0.875,0.875,2,1410,0.10647938377888537,0.13617021276595745,108,2945.613752,0.469916770351368
0.2,0.5,0.875,0.875,2,1410,0.10647938377888537,0.13617021276595745,108,2945.613752,0.469916770351368
0.3,0.01,1.0,1.0,0,13242,1.0,0.10527110708352212,1,6266.50525,0.9997019828110484
0.3,0.02,1.0,1.0,0,13241,0.9999244827065398,0.10527905747300052,1,6266.50525,0.9997019828110484
0.3,0.05,0.75,0.75,4,1032,0.07793384685092886,0.17926356589147288,114,2611.178042,0.4165638999600409
0.3,0.1,0.75,0.75,4,877,0.0662286663645975,0.1790193842645382,101,2273.553958,0.36270238500805646
0.3,0.15,0.75,0.75,4,869,0.06562452801691587,0.17836593785960875,99,2231.531958,0.35599857242899796
0.3,0.2,0.75,0.75,4,865,0.06532245884307507,0.176878612716763,99,2227.527958,0.3553598102195232
0.3,0.3,0.75,0.75,4,860,0.06494487237577405,0.1755813953488372,98,2217.527958,0.35376450000604964
0.3,0.4,0.75,0.75,4,859,0.06486935508231385,0.17578579743888242,98,2217.527958,0.35376450000604964
0.3,0.5,0.75,0.75,4,859,0.06486935508231385,0.17578579743888242,98,2217.527958,0.35376450000604964
0.4,0.01,1.0,1.0,0,13242,1.0,0.10527110708352212,1,6266.50525,0.9997019828110484
0.4,0.02,1.0,1.0,0,13241,0.9999244827065398,0.10527905747300052,1,6266.50525,0.9997019828110484
0.4,0.05,0.75,0.75,4,774,0.05845038513819665,0.21188630490956073,111,2235.415958,0.3566181909159111
0.4,0.1,0.75,0.75,4,609,0.045990031717263256,0.2233169129720854,91,1790.129248,0.2855811472772086
0.4,0.15,0.75,0.75,4,601,0.04538589336958163,0.22296173044925124,87,1736.657457,0.27705073784570644
0.4,0.2,0.75,0.75,4,597,0.04508382419574083,0.22110552763819097,87,1732.653457,0.2764119756362316
0.4,0.3,0.75,0.75,4,592,0.04470623772843981,0.2195945945945946,86,1720.859999,0.2745305532362745
0.4,0.4,0.75,0.75,4,591,0.044630720434979614,0.21996615905245348,87,1716.011833,0.273757120362633
0.4,0.5,0.75,0.75,4,591,0.044630720434979614,0.21996615905245348,87,1716.011833,0.273757120362633
0.5,0.01,1.0,1.0,0,13242,1.0,0.10527110708352212,1,6266.50525,0.9997019828110484
0.5,0.02,1.0,1.0,0,13241,0.9999244827065398,0.10527905747300052,1,6266.50525,0.9997019828110484
0.5,0.05,0.75,0.75,4,617,0.04659417006494487,0.22690437601296595,110,1940.214374,0.30952438071703475
0.5,0.1,0.75,0.75,4,432,0.03262347077480743,0.25462962962962965,85,1424.156915,0.2271972072088451
0.5,0.15,0.6875,0.6875,5,424,0.03201933242712581,0.25471698113207547,80,1366.190624,0.21794978560189723
0.5,0.2,0.6875,0.6875,5,420,0.031717263253285,0.2523809523809524,80,1362.186624,0.21731102339242245
0.5,0.3,0.6875,0.6875,5,415,0.03133967678598399,0.25060240963855424,79,1349.475582,0.21528321787977334
0.5,0.4,0.6875,0.6875,5,414,0.031264159492523785,0.25120772946859904,80,1340.289749,0.21381779255935712
0.5,0.5,0.6875,0.6875,5,414,0.031264159492523785,0.25120772946859904,80,1340.289749,0.21381779255935712
